model,C,class_weight,fit_intercept,n_estimators,max_depth,min_samples_split,hidden_layer_sizes,learning_rate_init,alpha,accuracy_mean,accuracy_std,f1_mean,f1_std,fpr_mean,fpr_std,fnr_mean,fnr_std
lr,0.1,,True,,,,,,,0.8712171710438609,0.0,0.9185360094451005,0.0,0.3248605083674838,0.0,0.07506793478248121,0.0
rf,,,,50.0,10.0,2.0,,,,0.9884548726836423,0.0002598798652128708,0.9926514338078892,0.00016498739310795101,0.029510229386053875,0.0009402201418480535,0.006623641304336576,0.00016983695652145086
mlp,,,,,,,"(64, 32)",0.001,0.0001,0.9855219304092788,0.0006435151785706744,0.9907881112281418,0.00042466803741175144,0.03794172349635498,0.0046269332069261305,0.008050271739116762,0.002047222310499806
