accuracy,f1,fpr,fnr,model
0.8629333333333333,0.9131756756756757,0.33911965281872836,0.08170545269223424,lr
0.9864,0.9913559322033898,0.039677619342593444,0.006454900628492518,rf
0.9832,0.9893039049235993,0.04091754494704949,0.010191948360777659,mlp
